,missing_count,missing_ratio
ExpectedDividend,2313666.0,0.9919122189587191
Open,7608.0,0.0032616929850021285
High,7608.0,0.0032616929850021285
Close,7608.0,0.0032616929850021285
Low,7608.0,0.0032616929850021285
Target,238.0,0.00010203508549296879
RowId,0.0,0.0
Date,0.0,0.0
SecuritiesCode,0.0,0.0
Volume,0.0,0.0
AdjustmentFactor,0.0,0.0
SupervisionFlag,0.0,0.0
