{
  "model_source": "reference",
  "reference_score": -0.032067156669723915,
  "selected_score": -0.032067156669723915,
  "supplemental_dates": 135,
  "supplemental_rows": 269869
}